{"WAtQrfaNKoZx9GLpq4/Mbw==":"aromiq%2520bd%2520logo%2520-%2520copy-201x201.png","/sSrM/Geb6Y2vzlt4m7tvA==":"photo-1643797519086-cc9a821fbcfe.jpeg","GZpgn3DOy4/4OH24h7ftJg==":"vampire%2520blood%252010%2520ml-picsart-backgroundremover%2520(1)-561x702.jpg","gYWayjffypl+Y3GhN6X4lw==":"cover-1702x1134.png","AzFAFWyszKzxNeGPFwsXsQ==":"cover-1-1702x1134.png","BL9hOoKHgELR+GTXa3nuKg==":"cover-2-1702x1134.png","2YJUSl6NzSsw62PD3KCtJg==":"aromiq%2520bd%2520logo%2520-%2520copy-354x354.png","WeiBw11ttDOxFEqyVGrTvw==":"aromiq%2520bd%2520logo%2520-%2520copy-354x354.png","LUG+X3bUzUcQxnSKzCUp3Q==":"vampire%2520blood%252010%2520ml-picsart-backgroundremover-1200x1502.jpg","D2qm91vKWkI5IWV8lrW0sQ==":"versace%2520eros%252010%2520ml-picsart-backgroundremover%2520(1)-1200x1601.jpg","HHHnyVr9DcC1Wvl7Su7riQ==":"srk%2520blend%252010%2520ml-picsart-backgroundremover%2520(1)-1200x1601.jpg","oDHR+bEi6LEKzkqPpW8CDA==":"light_gray_x-design-removebg-preview-432x577.png","P8LQZw0mDKlx4I4Tjy+Iqg==":"black%2520opium%252010%2520ml-picsart-backgroundremover-1200x1600.jpg","TpvFG+8IzsdhS8FFQMHbTg==":"img_9848_x-design-picsart-backgroundremover-600x800.jpg","R0HEPz0n57pzUCLlGXYEpw==":"vas%2520souvage%252010%2520ml-picsart-backgroundremover-600x800.jpg","/BxPcQDDaDJ0yccVYqRKLQ==":"black%2520opium%252010%2520ml-picsart-backgroundremover-600x800.jpg","YGTYmJC3JmuEo1/Kl/PMAg==":"perfume-736x1104.jpg","ijybfSum+vrCA8F+Ot/5pA==":"vampire%2520blood%25203.5%2520ml%2520(1)-600x751.jpg","Sm9Z5uLOckhpdLgrvMgafA==":"versace%2520eros%25203.5%2520ml-600x800.jpg","njOjM1R9TpSeh1GKqvVsWA==":"srk%25203.5%2520ml-600x800.jpg","9V6jcAT/FBKQE5gj/zvaDw==":"black%2520opium%25203.5%2520ml.png-600x800.jpg","jSqrFSF272A1pU+/xiEqNg==":"blu%2520di%2520chanel%25203.5%2520ml-600x800.jpg","mIKxy7zCj3LUt/+a+D5Tew==":"acqua%2520di%2520gio%25203.5%2520ml-600x800.jpg","tV/Lm4CKyuPvdU266C2tBg==":"vas%2520souvage%25203.5%2520ml-600x800.jpg","A/1yBOZSFYBg2beMQrn4Mw==":"vas%2520souvage%25206ml-600x800.jpg","FRdH+kJkoqkb0zfjmxsfpA==":"acqua%2520di%2520gio%25206ml-600x800.jpg","icHnnFedU+2V35DZYEAW7g==":"blu%2520di%2520chanel%25206%2520ml-600x800.jpg","99r+vlIYB8h4Gb5fyh3zhQ==":"black%2520opium%25206ml-600x800.jpg","scU93C+PVFTZKNhOVHrPeQ==":"srk%25206ml-600x800.jpg","F7a8rOkd6VlnsBVErC6i4w==":"versace%2520eros%25206%2520ml-600x800.jpg","P9wGb8nJzl3dssO54Y74TA==":"vampire%2520blood%25206%2520ml-600x751.jpg","fXF2sUoQj2Ii5t5DwcGpVQ==":"gemini_generated_image_qyebpjqyebpjqyeb-561x696.png","HpDubMiqImkHTRPmUWX5cA==":"gemini_generated_image_m0h7sfm0h7sfm0h7-561x769.png","XjmQo//C58mJ4P2oetOGlw==":"gemini_generated_image_2fafcw2fafcw2faf-561x769.png","Of96yJUKWb9sx9qFl4VX0g==":"gemini_generated_image_f6a7u5f6a7u5f6a7-561x751.png","2NX8RgHVulN8AuKyMRPjWg==":"gemini_generated_image_z8en9az8en9az8en-561x751.png","pHRm0xbxfhhRBv/V4rQuxA==":"black%2520opium%2520design-561x794.jpg"}